{
  "nInput": 6,
  "nHidden": 5,
  "nOutput": 4,
  "w_ih": {
    "rows": 5,
    "cols": 6,
    "matrix": [
      -0.4319301058637497,
      -1,
      -0.2132127314612502,
      -0.45863039510123604,
      1,
      -0.6980162658470284,
      0.6220648167890896,
      0.08731212084321038,
      -0.2648381507104296,
      -0.12228815358161338,
      1,
      -1,
      1,
      -0.06611147455398658,
      -0.6187648130126591,
      -1,
      1,
      0.5252428481843086,
      0.15327554554242928,
      1,
      -0.3292761732251446,
      -1,
      0.9761902729458845,
      -0.2635653313612827,
      0.13279453536839414,
      -1,
      -1,
      -0.5516717611305619,
      0.5906605573816837,
      1
    ]
  },
  "w_ho": {
    "rows": 4,
    "cols": 5,
    "matrix": [
      1,
      0.4599487710564465,
      0.03044580915273265,
      0.7047505513334351,
      -0.04868772676895272,
      -1,
      -0.6843631950626801,
      0.36114652895909805,
      -1,
      -0.05856165039172989,
      0.03958746402595148,
      0.2695922029293705,
      1,
      -0.768060072482827,
      -1,
      -1,
      -1,
      -0.22322274620043947,
      -0.2288709627678478,
      -0.31461949900081
    ]
  },
  "b_i": {
    "rows": 6,
    "cols": 1,
    "matrix": [
      0.10425145671925451,
      1,
      -1,
      -0.36698197621635975,
      -0.37706319289760515,
      0.3929298782462567
    ]
  },
  "b_h": {
    "rows": 5,
    "cols": 1,
    "matrix": [
      -0.08519346022037322,
      -0.8679484547990888,
      0.13000368262299355,
      -0.13576100662676316,
      -0.11415558291077588
    ]
  }
}
