{
  "nInput": 6,
  "nHidden": 5,
  "nOutput": 4,
  "w_ih": {
    "rows": 5,
    "cols": 6,
    "matrix": [
      -0.32681287966319417,
      -1,
      -0.3331136955703784,
      0.33945234547865066,
      0.6536583785330468,
      -1,
      0.8178897024642131,
      1,
      1,
      0.38163982124659435,
      0.9365306175282833,
      0.5804520359796954,
      -0.5988206739957576,
      -0.21027161775357572,
      0.2124942881996401,
      0.5936795988156476,
      -0.7184037445218716,
      0.5063108039151192,
      -0.252177459477253,
      -0.24790335009407216,
      0.5503155554633989,
      -1,
      1,
      0.7009308233223019,
      -0.34109085593001764,
      1,
      -1,
      0.3597847892344732,
      0.018030977179643637,
      -0.721171735062512
    ]
  },
  "w_ho": {
    "rows": 4,
    "cols": 5,
    "matrix": [
      1,
      1,
      -0.3044123748566494,
      0.6876328256272155,
      -0.43562896310130017,
      -0.03948985137966532,
      -1,
      0.28500883256882514,
      -0.496984941542032,
      0.6587668189324221,
      0.933340654399986,
      0.5430917461924778,
      -0.7450518958815011,
      -1,
      -0.7617735951984355,
      -1,
      0.24729202384872662,
      -1,
      -1,
      -0.21537401924443667
    ]
  },
  "b_i": {
    "rows": 6,
    "cols": 1,
    "matrix": [
      0.6721939685004461,
      0.1261487343679979,
      -0.2215709534884931,
      -0.705781386356013,
      -0.06449992818110872,
      -0.4538223590879251
    ]
  },
  "b_h": {
    "rows": 5,
    "cols": 1,
    "matrix": [
      -1,
      0.4599896570816515,
      1,
      -1,
      -0.04517753334885155
    ]
  }
}
