{
  "nInput": 6,
  "nHidden": 5,
  "nOutput": 3,
  "w_ih": {
    "rows": 5,
    "cols": 7,
    "matrix": [
      0.8176216965444429,
      0.3903520855167204,
      -0.1468337413346874,
      0.23728420726181376,
      0.2747622810832073,
      0.019589612861718564,
      -0.6308516473196231,
      -0.9241322256436968,
      -0.04702821711621308,
      -0.3052978108950595,
      0.8243782611545232,
      -0.3288946764262173,
      0.7897780943055386,
      -0.7235907449953309,
      -0.00263757013493926,
      1,
      -0.8421726777551002,
      0.6215511693741727,
      -0.7780512930963837,
      -0.8170368192328072,
      -0.619875496690681,
      0.841908646570726,
      -0.21938297247773875,
      -0.6502291596021292,
      -0.7298344079448009,
      0.7151942592487766,
      -0.2775468061983073,
      -0.7332500585503703,
      0.3669312381164853,
      -0.4269133250935693,
      -0.6959701069216129,
      -0.2367410320912131,
      -0.749461160695136,
      -1,
      -0.12568699736069933
    ]
  },
  "w_hh": {
    "rows": 5,
    "cols": 6,
    "matrix": [
      -0.8840976690839759,
      -0.7476792219626618,
      -0.31532518228109296,
      -0.5476194476552996,
      -0.3515409105633358,
      0.9035147209423293,
      0.6358441538053374,
      0.1279231746996352,
      -0.4226873869677097,
      -0.469079602609372,
      -0.8191602378797658,
      -0.6754109848810561,
      0.7364342524230723,
      0.46380924646213684,
      0.7299916719748216,
      0.9015683960168448,
      -0.6734685797376581,
      -0.7520759033319275,
      0.34459204860021897,
      -0.53074718778793,
      -0.01892767731533196,
      -0.012065905163228141,
      0.9449067198088992,
      -0.5067223874414166,
      1,
      1,
      0.10623881039501093,
      0.790093418045962,
      -0.689876756469471,
      -0.17813941156549573
    ]
  },
  "w_ho": {
    "rows": 3,
    "cols": 6,
    "matrix": [
      -0.3114407703435984,
      0.5307954109380923,
      -0.49685617429205253,
      0.7123366918239338,
      0.4122178982601019,
      0.3113625543989973,
      0.8751356619704462,
      0.6018689513388216,
      0.3530799906281046,
      0.1125413594263347,
      0.6541910241217321,
      -0.6122667645377073,
      -0.21137511989951596,
      0.9566752115789146,
      -0.224351764398679,
      0.14597193159541488,
      0.7267321439141279,
      -0.48076629243577695
    ]
  }
}
