{
  "nInput": 6,
  "nHidden": 5,
  "nOutput": 3,
  "w_ih": {
    "rows": 5,
    "cols": 7,
    "matrix": [
      -0.14648360205737632,
      -1,
      0.4374877695891026,
      0.23300515210083939,
      -0.7158016411229116,
      0.40426835805039296,
      1,
      0.8980123374815485,
      -0.40117354964987273,
      0.8549499254242243,
      -0.0739610250193321,
      -1,
      0.045039383034686686,
      0.8144001876357989,
      0.3736377302754619,
      -1,
      -1,
      0.8829464034507919,
      0.29988472542273836,
      -0.8981497933699325,
      0.8826884560058486,
      0.3168614850628395,
      0.14600215582710874,
      0.666191147774648,
      -1,
      -0.2498812288065997,
      0.40377886328455226,
      -0.5214409863736598,
      0.28881008062713454,
      0.8978146963167881,
      -0.772196330731552,
      -0.9306842605109189,
      -1,
      1,
      -0.1251150959302607
    ]
  },
  "w_hh": {
    "rows": 5,
    "cols": 6,
    "matrix": [
      -0.7570507643990778,
      -0.5027792984158856,
      -0.25886958123452963,
      1,
      -0.8318484172924223,
      0.9267919665365421,
      -1,
      1,
      0.11387556727204107,
      0.7882506770272797,
      -1,
      0.18233332025639504,
      -0.9431039647589734,
      -0.4381839688097715,
      0.8834456416288021,
      0.09650992618232968,
      0.31611863295921605,
      -0.6800914616006453,
      1,
      1,
      -0.72726493436689,
      0.9888629591786766,
      -0.6719933435560641,
      -0.6208485057524937,
      -0.6783490085779644,
      -0.6153981969019902,
      -0.8728807256411977,
      1,
      0.7575616258393758,
      0.13683568233013244
    ]
  },
  "w_ho": {
    "rows": 3,
    "cols": 6,
    "matrix": [
      -0.5800160480194592,
      0.9011643682382746,
      -0.4380666901321564,
      0.3664975583026444,
      0.3170644286813058,
      -0.43815210313521913,
      0.6060247656060302,
      -0.33868621478698957,
      0.002396239537688416,
      -0.20650726301799338,
      0.2957388791137019,
      0.4781638370441921,
      -1,
      0.016925268622037137,
      -0.6516567628121805,
      1,
      -0.4690653047886002,
      0.9510778545349283
    ]
  }
}
