{
  "nInput": 6,
  "nHidden": 5,
  "nOutput": 4,
  "w_ih": {
    "rows": 5,
    "cols": 6,
    "matrix": [
      0.4432049345443847,
      -0.3428064448164365,
      -0.04623713698470233,
      0.5571707696462411,
      0.8682157890362561,
      0.09588735980020369,
      0.414033181520876,
      -0.037740090414552174,
      0.06232268367382865,
      -0.9179433836462456,
      0.34159120397876563,
      -0.49242231033675665,
      -0.7699002089441644,
      0.9393291854132344,
      1,
      0.5979590098686041,
      -1,
      0.452159335288115,
      0.8548951602947699,
      0.757287097601818,
      0.23560692638937608,
      0.24233051574139441,
      0.1386487688396163,
      -0.9067328971153352,
      0.10779005705977518,
      0.8683690305541343,
      0.00596335331127662,
      -0.10927459623613345,
      0.4135025226938329,
      -0.583599504486171
    ]
  },
  "w_ho": {
    "rows": 4,
    "cols": 5,
    "matrix": [
      0.7250773785625628,
      -0.08254326880098084,
      0.38628458298026347,
      -0.6158361408920281,
      -0.25069865815015246,
      0.32042372990817425,
      -0.5945830252484416,
      0.6345294093532305,
      -0.7489045821256779,
      -0.6268782932815746,
      -0.7350065553670482,
      0.8230793601716311,
      -0.9874346320369969,
      -0.35057693307996063,
      0.02973348487889682,
      0.34274070939007295,
      -0.6674399343584874,
      -0.9670399161924981,
      0.411513471973457,
      0.668354956472792
    ]
  },
  "b_i": {
    "rows": 6,
    "cols": 1,
    "matrix": [
      -0.6020226236507775,
      -0.2384583000411178,
      -0.7486621878839457,
      0.12225930871596224,
      -0.38868192280623237,
      0.6564958758906911
    ]
  },
  "b_h": {
    "rows": 5,
    "cols": 1,
    "matrix": [
      0.2244992302850557,
      0.04460030286281613,
      0.5637970329468183,
      -0.27715704599850755,
      -0.6726938055326821
    ]
  }
}
