{
  "nInput": 6,
  "nHidden": 5,
  "nOutput": 4,
  "w_ih": {
    "rows": 5,
    "cols": 6,
    "matrix": [
      -0.3620129523826372,
      -0.5825870069824979,
      0.25542882671889444,
      -0.002357795289900544,
      -1,
      -0.536928867414364,
      0.23518596137661119,
      -1,
      1,
      -0.2601204088999962,
      1,
      -0.5524526223833464,
      1,
      1,
      -0.5977147736828843,
      -0.9267843831703293,
      -0.16166000559753124,
      -0.23480900699990315,
      0.4613549166591766,
      0.05324950751628288,
      -0.353592718500102,
      -0.4540487375040958,
      -1,
      1,
      -0.9585167230800269,
      -0.6737436901177385,
      -0.1376294809188643,
      -0.6127476007425119,
      0.78234403331225,
      0.002273969109169993
    ]
  },
  "w_ho": {
    "rows": 4,
    "cols": 5,
    "matrix": [
      0.002663935946006113,
      0.3943093162031812,
      0.703460538768554,
      0.2516022532599438,
      0.3077996738151745,
      0.3200800551356502,
      0.38674509313510264,
      0.9188497510468476,
      0.06149017822609748,
      -0.02234495667650993,
      0.09998020396364327,
      -0.3648515540714041,
      0.012765925101891007,
      1,
      -1,
      1,
      -0.07612713885328626,
      -0.3708849407855639,
      0.3270002052859984,
      -0.20375894140617357
    ]
  },
  "b_i": {
    "rows": 6,
    "cols": 1,
    "matrix": [
      -1,
      0.04108343260438607,
      0.5058966557392828,
      0.0777259926364624,
      0.13376948756010698,
      -0.4515056847743222
    ]
  },
  "b_h": {
    "rows": 5,
    "cols": 1,
    "matrix": [
      0.6097453095364798,
      -1,
      0.7819536250545864,
      1,
      0.39335779911248725
    ]
  }
}
